               epoch,      train/box_loss,      train/obj_loss,      train/cls_loss,   metrics/precision,      metrics/recall,     metrics/mAP_0.5,metrics/mAP_0.5:0.95,        val/box_loss,        val/obj_loss,        val/cls_loss,               x/lr0,               x/lr1,               x/lr2
                   0,             0.11587,            0.027337,            0.030381,             0.84585,             0.10477,             0.10631,            0.036816,            0.082077,            0.026359,            0.025481,            0.070105,           0.0033217,           0.0033217
                   1,            0.088658,            0.024036,              0.0201,             0.48967,             0.26245,             0.19735,             0.06624,            0.077057,            0.021503,            0.017771,            0.040083,           0.0066331,           0.0066331
                   2,            0.085101,             0.02093,            0.016473,             0.60625,             0.28359,              0.2581,            0.095558,             0.07367,            0.020579,            0.015137,            0.010039,           0.0099225,           0.0099225
                   3,            0.079823,            0.020219,            0.014132,             0.64713,             0.32442,             0.33509,             0.14934,            0.066554,            0.019819,              0.0137,            0.009901,            0.009901,            0.009901
                   4,            0.073894,            0.019951,            0.012404,             0.65844,              0.3916,             0.38765,              0.1726,            0.062415,            0.019006,            0.013246,            0.009901,            0.009901,            0.009901
                   5,            0.070191,            0.019573,            0.012034,             0.74225,               0.362,             0.40322,              0.1786,            0.063251,            0.018955,            0.013645,            0.009868,            0.009868,            0.009868
                   6,            0.069314,            0.019588,            0.011638,             0.77784,             0.38134,             0.43535,             0.20753,            0.058337,            0.018957,            0.013069,            0.009835,            0.009835,            0.009835
                   7,            0.066966,             0.01906,            0.011244,             0.74214,             0.37494,             0.39896,             0.18447,            0.058367,            0.018853,            0.014073,            0.009802,            0.009802,            0.009802
                   8,            0.065208,              0.0192,            0.010336,             0.80732,             0.40216,             0.45659,             0.21299,            0.057141,            0.018386,            0.012112,            0.009769,            0.009769,            0.009769
                   9,            0.064165,            0.018542,            0.010424,             0.77579,             0.40965,             0.44969,             0.20617,            0.056835,            0.018296,            0.012404,            0.009736,            0.009736,            0.009736
                  10,             0.06378,            0.018624,            0.010157,             0.78199,             0.41978,             0.46532,             0.22942,            0.056192,             0.01818,            0.012114,            0.009703,            0.009703,            0.009703
                  11,            0.062785,              0.0188,           0.0094321,             0.71416,             0.40682,             0.42376,             0.20602,            0.055701,            0.018293,            0.014479,             0.00967,             0.00967,             0.00967
                  12,            0.061872,            0.018383,           0.0094614,             0.79075,             0.44078,             0.47327,             0.22445,            0.055069,            0.017825,            0.011873,            0.009637,            0.009637,            0.009637
                  13,            0.061197,            0.018717,           0.0096286,             0.80894,             0.43436,             0.47639,             0.24252,            0.052554,            0.017591,            0.011596,            0.009604,            0.009604,            0.009604
                  14,            0.059656,            0.018289,           0.0090581,             0.83252,             0.43359,             0.49159,             0.24852,            0.053242,            0.017631,            0.011672,            0.009571,            0.009571,            0.009571
                  15,            0.059665,            0.017852,           0.0088164,             0.79897,             0.44995,             0.48633,             0.23622,             0.05255,            0.017602,            0.011938,            0.009538,            0.009538,            0.009538
                  16,            0.058702,            0.017987,            0.008703,             0.82612,             0.43939,              0.4977,             0.24664,            0.052845,            0.017436,            0.011595,            0.009505,            0.009505,            0.009505
                  17,            0.059198,            0.017921,            0.009162,             0.82333,              0.4391,             0.50567,             0.24835,            0.051153,            0.017296,            0.011296,            0.009472,            0.009472,            0.009472
                  18,            0.058474,            0.017557,           0.0087329,             0.82072,             0.44187,              0.4906,             0.24595,             0.05127,            0.017479,            0.011687,            0.009439,            0.009439,            0.009439
                  19,            0.057653,            0.017726,           0.0082225,             0.83176,             0.44728,             0.50781,             0.26058,            0.050314,            0.017319,            0.011314,            0.009406,            0.009406,            0.009406
                  20,            0.057456,            0.017467,           0.0080258,             0.82111,             0.47224,             0.50634,              0.2571,            0.050875,            0.017218,            0.011362,            0.009373,            0.009373,            0.009373
                  21,            0.057786,            0.017629,           0.0085102,             0.81881,             0.45642,             0.51706,             0.26492,            0.049585,            0.017354,            0.011405,             0.00934,             0.00934,             0.00934
                  22,            0.056303,            0.017343,           0.0081341,             0.82972,             0.45918,             0.51545,             0.26159,            0.050448,            0.017098,             0.01131,            0.009307,            0.009307,            0.009307
                  23,            0.056751,            0.017718,           0.0079105,             0.82747,             0.47161,             0.51599,             0.26022,            0.050225,            0.017175,            0.011469,            0.009274,            0.009274,            0.009274
                  24,            0.056168,            0.017367,           0.0078383,             0.80988,             0.48208,             0.50997,             0.26294,            0.049329,            0.017129,            0.012048,            0.009241,            0.009241,            0.009241
                  25,            0.055184,            0.016885,            0.007428,             0.80088,             0.48735,             0.50748,             0.26033,            0.048909,            0.017011,            0.012509,            0.009208,            0.009208,            0.009208
                  26,            0.056239,            0.017079,           0.0077243,             0.82213,             0.47688,             0.52046,             0.26868,             0.04922,            0.016851,            0.011338,            0.009175,            0.009175,            0.009175
                  27,            0.054581,            0.017119,           0.0079711,             0.81796,              0.4668,             0.51627,             0.26272,            0.049005,            0.016855,             0.01205,            0.009142,            0.009142,            0.009142
                  28,            0.054713,            0.016811,           0.0073812,             0.83031,             0.46961,             0.55297,             0.28809,            0.048841,            0.016595,            0.011137,            0.009109,            0.009109,            0.009109
                  29,            0.055185,            0.017145,           0.0078815,               0.823,              0.4692,             0.53433,             0.27621,            0.048889,            0.016803,            0.011908,            0.009076,            0.009076,            0.009076
                  30,             0.05501,             0.01704,           0.0073177,             0.83396,             0.45802,             0.55901,             0.29003,            0.048911,            0.016997,            0.011726,            0.009043,            0.009043,            0.009043
                  31,            0.055454,            0.017351,           0.0075925,             0.83153,             0.46682,              0.5678,             0.30231,            0.048654,             0.01694,            0.012406,             0.00901,             0.00901,             0.00901
                  32,             0.05439,             0.01738,           0.0073673,             0.81322,             0.47459,             0.55826,             0.29747,            0.048562,            0.016883,            0.011344,            0.008977,            0.008977,            0.008977
                  33,            0.054066,            0.017069,           0.0071572,             0.80167,             0.48128,             0.57285,             0.29583,            0.049058,             0.01689,            0.011933,            0.008944,            0.008944,            0.008944
                  34,             0.05431,            0.017156,           0.0068626,             0.82434,             0.47031,             0.57456,             0.31252,            0.048308,            0.016776,            0.011162,            0.008911,            0.008911,            0.008911
                  35,            0.053786,            0.017083,           0.0069605,             0.79233,             0.48877,             0.56141,              0.3011,            0.047682,            0.016637,            0.011749,            0.008878,            0.008878,            0.008878
                  36,            0.054056,            0.016709,           0.0070432,             0.80527,             0.48647,             0.56364,             0.29929,            0.048213,            0.016734,            0.011295,            0.008845,            0.008845,            0.008845
                  37,            0.053408,            0.016927,            0.006753,             0.83865,             0.47482,             0.60439,             0.32681,            0.047596,            0.016672,            0.010934,            0.008812,            0.008812,            0.008812
                  38,             0.05359,            0.016345,           0.0068433,             0.82246,             0.48697,             0.58463,             0.32517,            0.047427,            0.016507,            0.011777,            0.008779,            0.008779,            0.008779
                  39,            0.053403,            0.016501,           0.0069908,             0.78762,             0.54126,             0.59734,             0.31663,            0.048478,            0.016648,            0.011812,            0.008746,            0.008746,            0.008746
                  40,            0.052821,             0.01711,           0.0067128,              0.7975,             0.54136,             0.58228,              0.3103,            0.047831,            0.016508,            0.011923,            0.008713,            0.008713,            0.008713
                  41,            0.052759,            0.016507,           0.0065889,             0.79454,             0.49824,             0.58073,              0.2952,            0.047804,            0.016573,            0.011277,             0.00868,             0.00868,             0.00868
                  42,             0.05308,            0.017068,           0.0063828,             0.77878,             0.52859,             0.60018,             0.31412,            0.047559,            0.016331,            0.010904,            0.008647,            0.008647,            0.008647
                  43,            0.052606,            0.016438,           0.0061202,             0.68301,             0.56012,             0.58442,             0.30305,            0.047851,            0.016706,            0.011508,            0.008614,            0.008614,            0.008614
                  44,            0.052705,            0.016467,           0.0062891,             0.76127,             0.53125,             0.59404,             0.31291,            0.047575,            0.016545,            0.011815,            0.008581,            0.008581,            0.008581
                  45,            0.053092,            0.016868,           0.0064958,             0.72394,             0.52247,             0.58196,             0.31585,              0.0472,            0.016649,            0.012018,            0.008548,            0.008548,            0.008548
                  46,            0.052876,            0.016386,           0.0064987,             0.73983,             0.52553,             0.59983,             0.31729,            0.047508,            0.016266,            0.011466,            0.008515,            0.008515,            0.008515
                  47,            0.052949,            0.017117,           0.0061555,             0.77446,             0.56373,             0.60424,             0.33495,            0.047415,            0.016641,            0.011871,            0.008482,            0.008482,            0.008482
                  48,            0.052741,            0.017227,           0.0060732,             0.79003,             0.54615,             0.59222,             0.31243,             0.04778,             0.01662,            0.011894,            0.008449,            0.008449,            0.008449
                  49,            0.052014,            0.016217,           0.0059991,             0.78696,             0.52858,             0.60702,             0.32587,            0.047023,            0.016505,            0.011022,            0.008416,            0.008416,            0.008416
                  50,            0.051795,             0.01653,           0.0062859,             0.75225,             0.53758,             0.60687,             0.33072,            0.046675,            0.016406,            0.011896,            0.008383,            0.008383,            0.008383
                  51,            0.052089,            0.016711,           0.0058469,             0.77822,             0.51584,             0.57681,             0.31176,            0.047073,            0.016385,            0.011859,             0.00835,             0.00835,             0.00835
                  52,            0.051414,            0.016656,           0.0058492,             0.77468,              0.4975,             0.58085,             0.31014,            0.046992,            0.016272,             0.01196,            0.008317,            0.008317,            0.008317
                  53,            0.051661,            0.016117,           0.0063171,             0.80231,             0.53365,             0.57912,              0.3116,            0.046401,            0.016317,             0.01177,            0.008284,            0.008284,            0.008284
                  54,            0.051867,            0.016102,           0.0055533,             0.69295,             0.58287,             0.59961,             0.32622,            0.046768,            0.016479,            0.011682,            0.008251,            0.008251,            0.008251
                  55,            0.051204,            0.015873,           0.0054915,             0.76692,             0.54108,             0.59342,             0.32258,            0.046944,            0.016342,            0.012587,            0.008218,            0.008218,            0.008218
                  56,            0.051703,            0.016306,           0.0056885,             0.79115,             0.52061,             0.57535,             0.31477,            0.046663,            0.016514,            0.012632,            0.008185,            0.008185,            0.008185
                  57,            0.050967,            0.016273,           0.0058221,             0.80318,             0.55686,             0.61233,             0.32329,            0.046634,            0.016286,            0.011702,            0.008152,            0.008152,            0.008152
                  58,            0.051341,            0.016119,           0.0059295,             0.82341,             0.55377,              0.6071,             0.33441,            0.046547,            0.016341,            0.011187,            0.008119,            0.008119,            0.008119
                  59,            0.051494,            0.016301,           0.0057023,              0.7849,              0.5759,             0.60388,             0.32784,            0.046291,            0.016207,            0.011593,            0.008086,            0.008086,            0.008086
                  60,            0.050527,            0.015707,           0.0055708,             0.84163,             0.57965,             0.63103,             0.32275,            0.046507,            0.016374,            0.010965,            0.008053,            0.008053,            0.008053
                  61,            0.051414,            0.016002,           0.0057238,             0.78754,             0.60132,             0.63226,             0.33587,            0.046359,            0.016311,            0.011004,             0.00802,             0.00802,             0.00802
                  62,            0.050808,            0.016005,           0.0054113,             0.83136,             0.55507,             0.61327,             0.33716,            0.046389,            0.016538,            0.011185,            0.007987,            0.007987,            0.007987
                  63,            0.050945,            0.016345,           0.0055691,             0.80206,             0.56622,             0.62207,             0.33852,            0.046216,            0.016292,            0.011133,            0.007954,            0.007954,            0.007954
                  64,            0.050409,            0.016062,           0.0055049,             0.81727,             0.57056,              0.6292,             0.34444,            0.046194,            0.016344,             0.01165,            0.007921,            0.007921,            0.007921
                  65,            0.051062,            0.015715,           0.0053648,             0.78993,             0.61412,             0.63954,             0.34015,            0.046322,            0.016415,            0.010858,            0.007888,            0.007888,            0.007888
                  66,            0.050843,            0.015942,           0.0054179,             0.81411,             0.57719,             0.63396,             0.33991,            0.045959,            0.016221,            0.011784,            0.007855,            0.007855,            0.007855
                  67,             0.05091,            0.016133,            0.005472,             0.77418,             0.54003,             0.59662,             0.32702,            0.046143,            0.016282,            0.011974,            0.007822,            0.007822,            0.007822
                  68,            0.049928,             0.01552,           0.0052203,              0.8126,             0.56222,             0.61034,              0.3359,             0.04602,            0.016391,            0.011965,            0.007789,            0.007789,            0.007789
                  69,            0.049984,            0.015876,           0.0048238,             0.81595,             0.57687,              0.6094,             0.34351,            0.046046,            0.016264,            0.012031,            0.007756,            0.007756,            0.007756
                  70,            0.050916,            0.015801,            0.005325,             0.80692,             0.57156,             0.62269,             0.33086,            0.046455,            0.016271,            0.012464,            0.007723,            0.007723,            0.007723
                  71,            0.050664,            0.016278,           0.0052201,             0.71198,             0.58157,              0.6274,              0.3334,            0.046099,            0.016408,            0.011956,             0.00769,             0.00769,             0.00769
                  72,            0.050155,            0.015949,           0.0053834,             0.82409,             0.58995,             0.64253,             0.35086,            0.045932,            0.016185,            0.011213,            0.007657,            0.007657,            0.007657
                  73,            0.049207,            0.015456,           0.0049584,             0.76039,             0.54368,             0.59181,             0.32193,            0.045936,            0.016448,            0.012396,            0.007624,            0.007624,            0.007624
                  74,            0.049861,             0.01569,           0.0049293,             0.69912,              0.5916,             0.60014,             0.32882,            0.045623,            0.016276,            0.012341,            0.007591,            0.007591,            0.007591
                  75,            0.048908,            0.015773,           0.0048526,             0.77568,             0.55793,             0.60028,             0.33358,            0.045762,            0.016209,            0.013178,            0.007558,            0.007558,            0.007558
                  76,            0.049383,            0.015484,            0.005279,             0.79423,             0.55516,             0.60862,             0.33789,            0.045955,            0.016173,            0.012048,            0.007525,            0.007525,            0.007525
                  77,            0.049493,            0.015928,           0.0051041,             0.79713,             0.54869,             0.59615,              0.3416,            0.046025,            0.016429,            0.012175,            0.007492,            0.007492,            0.007492
                  78,            0.049103,            0.015525,           0.0048894,             0.73055,             0.52974,             0.59099,             0.32768,            0.045729,             0.01619,            0.012375,            0.007459,            0.007459,            0.007459
                  79,            0.048933,            0.015512,           0.0050522,             0.75274,             0.54766,             0.59154,             0.31841,            0.046081,            0.016381,            0.013108,            0.007426,            0.007426,            0.007426
                  80,            0.049262,            0.015714,           0.0050711,             0.80804,              0.5185,             0.58515,             0.32338,            0.045634,             0.01634,             0.01285,            0.007393,            0.007393,            0.007393
                  81,            0.050107,            0.015947,           0.0049956,             0.69095,             0.52895,             0.58635,             0.31966,            0.045999,            0.016397,            0.013118,             0.00736,             0.00736,             0.00736
                  82,            0.049017,            0.015757,           0.0050614,             0.69763,             0.56755,             0.58185,             0.31439,            0.045658,            0.016183,            0.013004,            0.007327,            0.007327,            0.007327
                  83,             0.04919,            0.015666,           0.0048641,             0.81494,             0.56721,             0.62025,             0.33748,            0.045484,             0.01635,            0.013035,            0.007294,            0.007294,            0.007294
                  84,            0.048403,            0.015398,           0.0048772,             0.78635,             0.52776,             0.59903,             0.33985,            0.045575,            0.016295,            0.012676,            0.007261,            0.007261,            0.007261
                  85,            0.049443,            0.015299,           0.0046214,             0.79213,             0.55919,             0.58247,             0.31593,            0.045911,            0.016524,            0.012421,            0.007228,            0.007228,            0.007228
                  86,            0.048969,            0.015542,           0.0047226,             0.77622,             0.56928,             0.62163,             0.33534,            0.045254,            0.016257,            0.012449,            0.007195,            0.007195,            0.007195
                  87,            0.048165,            0.015251,           0.0049748,             0.74192,             0.52182,             0.58842,             0.31517,            0.045597,            0.016353,            0.013102,            0.007162,            0.007162,            0.007162
                  88,            0.048883,            0.015391,           0.0046901,             0.78701,             0.52578,              0.5839,             0.32512,            0.045798,            0.016384,            0.012693,            0.007129,            0.007129,            0.007129
                  89,            0.048517,            0.016392,           0.0048531,             0.72904,             0.55142,             0.59465,             0.33349,            0.045914,            0.016417,            0.012434,            0.007096,            0.007096,            0.007096
                  90,            0.050019,            0.015896,           0.0048683,             0.77803,             0.55256,             0.60367,              0.3302,            0.045589,            0.016366,            0.011513,            0.007063,            0.007063,            0.007063
                  91,            0.048408,            0.015328,           0.0044999,             0.74295,             0.56274,             0.61142,             0.33819,             0.04555,            0.016286,             0.01229,             0.00703,             0.00703,             0.00703
                  92,            0.048211,            0.015534,           0.0045403,             0.70906,             0.54107,               0.585,             0.31495,            0.045618,            0.016325,            0.012708,            0.006997,            0.006997,            0.006997
                  93,            0.049016,            0.015528,           0.0045508,             0.74922,             0.53576,             0.60933,             0.32538,            0.045658,            0.016274,            0.012814,            0.006964,            0.006964,            0.006964
                  94,            0.048528,            0.015217,           0.0044943,             0.76777,             0.53122,             0.60168,             0.33063,            0.045446,            0.016313,            0.012108,            0.006931,            0.006931,            0.006931
                  95,            0.048269,            0.015258,            0.004607,             0.80831,             0.56457,             0.60094,             0.33025,            0.045231,            0.016294,            0.012362,            0.006898,            0.006898,            0.006898
                  96,            0.048276,            0.015329,           0.0045242,             0.82296,             0.57112,             0.60794,             0.33734,            0.045393,            0.016356,            0.012497,            0.006865,            0.006865,            0.006865
                  97,            0.048364,            0.015604,           0.0044664,              0.8065,             0.57601,             0.63331,             0.32703,            0.045649,            0.016232,            0.012797,            0.006832,            0.006832,            0.006832
                  98,            0.048625,            0.015759,            0.004435,             0.78009,             0.52889,             0.60037,             0.33458,            0.045457,            0.016325,             0.01233,            0.006799,            0.006799,            0.006799
                  99,            0.047684,            0.015299,           0.0043849,              0.7793,             0.55022,             0.60597,             0.32985,            0.045157,            0.016262,            0.012423,            0.006766,            0.006766,            0.006766
                 100,            0.048215,             0.01542,           0.0041512,               0.757,             0.56133,             0.62026,             0.33575,              0.0453,            0.016331,             0.01206,            0.006733,            0.006733,            0.006733
                 101,            0.048409,            0.014996,           0.0044635,             0.81497,             0.57727,             0.61848,             0.34034,            0.045284,            0.016571,            0.012657,              0.0067,              0.0067,              0.0067
                 102,            0.048443,            0.015533,           0.0041925,             0.80675,             0.56564,             0.61067,             0.34272,            0.045021,            0.016216,            0.013436,            0.006667,            0.006667,            0.006667
                 103,            0.047553,            0.015152,           0.0040222,             0.76944,             0.54057,             0.60644,             0.33509,            0.045027,            0.016362,            0.013656,            0.006634,            0.006634,            0.006634
                 104,            0.048349,            0.015047,           0.0042983,             0.80152,             0.56945,              0.6219,             0.35385,              0.0451,            0.016403,            0.012963,            0.006601,            0.006601,            0.006601
                 105,            0.047243,            0.015467,           0.0041954,             0.82896,             0.56238,             0.62243,             0.34349,            0.045033,            0.016395,            0.012965,            0.006568,            0.006568,            0.006568
                 106,            0.048107,            0.015441,           0.0040113,             0.81441,             0.56772,             0.60151,             0.33741,            0.044916,            0.016513,            0.012791,            0.006535,            0.006535,            0.006535
                 107,            0.048868,            0.015298,           0.0042423,             0.69649,             0.61615,             0.61722,              0.3385,            0.044856,            0.016294,            0.012563,            0.006502,            0.006502,            0.006502
                 108,            0.047342,            0.014931,           0.0040244,             0.79481,             0.53443,             0.58532,             0.31909,            0.044924,            0.016221,            0.013712,            0.006469,            0.006469,            0.006469
                 109,            0.047932,            0.015703,           0.0042361,              0.8015,             0.52786,             0.59228,             0.32848,            0.044762,            0.016154,            0.013147,            0.006436,            0.006436,            0.006436
                 110,            0.047741,            0.015356,           0.0040219,             0.72665,             0.57568,              0.6041,             0.34059,            0.044713,            0.016198,            0.013553,            0.006403,            0.006403,            0.006403
                 111,            0.047498,            0.015257,           0.0039691,             0.77787,             0.57252,             0.60369,             0.34404,            0.044989,            0.016242,            0.013544,             0.00637,             0.00637,             0.00637
                 112,            0.047114,            0.015021,           0.0041151,             0.80527,              0.5709,             0.60225,             0.34528,             0.04502,            0.016235,            0.013093,            0.006337,            0.006337,            0.006337
                 113,            0.047541,             0.01521,           0.0038188,             0.78715,             0.53542,             0.59027,             0.33978,            0.044985,            0.016163,            0.013597,            0.006304,            0.006304,            0.006304
                 114,            0.046768,            0.014563,           0.0039432,             0.81276,             0.57273,             0.61226,             0.34625,            0.044855,            0.016164,            0.012424,            0.006271,            0.006271,            0.006271
                 115,            0.047242,            0.015208,           0.0040258,             0.71739,             0.58913,             0.60844,             0.34511,            0.044856,            0.016145,            0.013021,            0.006238,            0.006238,            0.006238
                 116,             0.04733,            0.015191,           0.0038674,             0.81282,             0.56667,             0.61017,             0.35691,            0.044667,            0.016295,            0.012843,            0.006205,            0.006205,            0.006205
                 117,            0.047254,            0.014992,           0.0039665,             0.79194,             0.53727,             0.58522,             0.32939,            0.044992,            0.016315,            0.013414,            0.006172,            0.006172,            0.006172
                 118,             0.04727,            0.014719,           0.0039357,             0.76404,              0.5342,             0.60099,             0.33621,            0.044849,             0.01648,              0.0134,            0.006139,            0.006139,            0.006139
                 119,            0.047047,            0.015216,           0.0038374,             0.75189,             0.55333,             0.60899,             0.34949,            0.044456,            0.016097,             0.01268,            0.006106,            0.006106,            0.006106
                 120,            0.047137,            0.015186,           0.0037278,              0.7637,             0.61286,             0.62862,             0.35896,            0.044983,            0.016368,             0.01292,            0.006073,            0.006073,            0.006073
                 121,            0.046372,             0.01465,           0.0037207,             0.80444,             0.57081,             0.61088,             0.33621,            0.044906,            0.016297,             0.01268,             0.00604,             0.00604,             0.00604
                 122,            0.047202,            0.015725,           0.0038153,             0.77749,              0.5329,             0.60633,             0.33652,             0.04507,            0.016309,            0.012913,            0.006007,            0.006007,            0.006007
                 123,            0.046089,            0.014841,             0.00367,             0.74695,             0.53754,             0.58755,             0.33389,             0.04473,            0.016264,            0.012854,            0.005974,            0.005974,            0.005974
                 124,             0.04616,            0.015125,           0.0037401,             0.72762,             0.55058,             0.59066,             0.33213,            0.044978,            0.016296,            0.013778,            0.005941,            0.005941,            0.005941
                 125,            0.046582,            0.015085,            0.003763,             0.72384,             0.54083,             0.59267,             0.32535,            0.044849,            0.016187,            0.013996,            0.005908,            0.005908,            0.005908
                 126,            0.046709,            0.014884,           0.0037175,             0.76416,             0.54168,             0.61106,             0.34433,            0.045121,            0.016436,            0.013695,            0.005875,            0.005875,            0.005875
                 127,            0.045924,            0.014691,           0.0034405,             0.80877,             0.56731,              0.6066,             0.34781,              0.0448,            0.016303,            0.013052,            0.005842,            0.005842,            0.005842
                 128,            0.046074,            0.014722,           0.0038331,             0.81273,             0.57258,               0.626,               0.354,            0.044704,            0.016235,            0.013096,            0.005809,            0.005809,            0.005809
                 129,            0.046392,            0.014752,           0.0036366,             0.81481,             0.57397,             0.61831,             0.35499,            0.044665,            0.016324,            0.013556,            0.005776,            0.005776,            0.005776
                 130,            0.046841,              0.0153,           0.0036375,             0.68159,              0.6032,             0.60605,             0.34792,            0.044662,            0.016302,             0.01427,            0.005743,            0.005743,            0.005743
                 131,            0.046193,            0.014745,           0.0035011,             0.71694,             0.60356,             0.61278,             0.34632,            0.044467,             0.01611,            0.013602,             0.00571,             0.00571,             0.00571
                 132,            0.046055,            0.014599,           0.0034543,             0.75821,              0.5243,             0.58921,             0.33909,            0.044459,            0.016445,            0.013978,            0.005677,            0.005677,            0.005677
                 133,            0.045939,             0.01427,           0.0034783,             0.70649,             0.54519,             0.58854,              0.3365,            0.044686,            0.016326,            0.013775,            0.005644,            0.005644,            0.005644
                 134,            0.045641,            0.014589,           0.0034457,             0.78609,             0.56878,             0.61496,              0.3434,            0.044811,            0.016351,            0.014008,            0.005611,            0.005611,            0.005611
                 135,             0.04686,            0.015198,           0.0035092,             0.75714,             0.55199,             0.61386,             0.35062,            0.044603,            0.016319,            0.013448,            0.005578,            0.005578,            0.005578
                 136,            0.045991,              0.0145,           0.0035053,             0.68048,             0.58252,             0.59986,             0.34519,            0.044614,            0.016332,            0.014309,            0.005545,            0.005545,            0.005545
                 137,            0.045921,            0.014882,           0.0034517,              0.7283,             0.54229,             0.58304,             0.33229,            0.044678,             0.01647,             0.01387,            0.005512,            0.005512,            0.005512
                 138,            0.045055,            0.014212,           0.0034428,              0.8175,             0.53456,             0.60973,             0.34158,            0.044767,            0.016254,            0.013523,            0.005479,            0.005479,            0.005479
                 139,            0.046574,            0.014879,           0.0034979,             0.76573,             0.54522,             0.61151,             0.34585,            0.044657,            0.016147,            0.013592,            0.005446,            0.005446,            0.005446
                 140,            0.045694,            0.014471,            0.003444,             0.75695,             0.57548,             0.61321,             0.34755,            0.044669,            0.016287,            0.013517,            0.005413,            0.005413,            0.005413
                 141,            0.044845,            0.014342,            0.003221,             0.71907,              0.5463,             0.60454,              0.3493,            0.044583,             0.01632,            0.013438,             0.00538,             0.00538,             0.00538
                 142,            0.045404,            0.015025,           0.0032576,             0.75244,             0.54324,             0.59895,             0.33061,            0.044718,             0.01625,            0.013381,            0.005347,            0.005347,            0.005347
                 143,            0.045274,            0.014496,           0.0030108,             0.72775,             0.53631,              0.5898,              0.3267,            0.044849,             0.01648,            0.014621,            0.005314,            0.005314,            0.005314
                 144,            0.044123,            0.014208,            0.003258,             0.73226,             0.57738,             0.61489,             0.34769,            0.044731,            0.016304,            0.014033,            0.005281,            0.005281,            0.005281
                 145,              0.0456,            0.013977,           0.0034335,             0.75874,             0.56793,             0.60638,             0.34098,            0.044594,            0.016097,            0.013595,            0.005248,            0.005248,            0.005248
                 146,            0.045483,            0.014649,           0.0033507,             0.73967,             0.56891,             0.59879,             0.33409,            0.044684,            0.016435,            0.013955,            0.005215,            0.005215,            0.005215
                 147,             0.04603,            0.014664,           0.0033003,             0.70084,             0.54886,              0.6024,             0.34743,            0.044544,            0.016318,            0.013695,            0.005182,            0.005182,            0.005182
                 148,            0.044945,            0.014195,           0.0033248,             0.77083,             0.56107,             0.60765,             0.33983,            0.044556,            0.016148,            0.014576,            0.005149,            0.005149,            0.005149
                 149,            0.045107,            0.014311,            0.003209,             0.73256,             0.56997,              0.6207,             0.34432,            0.044571,            0.016286,            0.014063,            0.005116,            0.005116,            0.005116
                 150,             0.04492,            0.013792,           0.0034458,             0.80822,             0.57608,             0.60797,             0.34318,            0.044539,            0.016294,            0.014098,            0.005083,            0.005083,            0.005083
                 151,            0.045384,            0.014353,           0.0032451,             0.68869,             0.55858,             0.59904,             0.33539,            0.044693,            0.016461,            0.013947,             0.00505,             0.00505,             0.00505
                 152,            0.044934,            0.014463,            0.003191,             0.71435,             0.54453,             0.59549,             0.33471,            0.044585,            0.016197,            0.013899,            0.005017,            0.005017,            0.005017
                 153,            0.044635,            0.014658,           0.0032075,              0.7566,             0.53415,             0.60442,             0.33989,            0.044524,            0.016205,            0.013999,            0.004984,            0.004984,            0.004984
                 154,            0.044757,            0.014505,           0.0032363,             0.70538,             0.59801,             0.61673,             0.34927,            0.044634,            0.016267,            0.014252,            0.004951,            0.004951,            0.004951
                 155,            0.045082,            0.014309,           0.0032308,             0.75309,             0.57168,             0.63717,             0.34941,            0.044566,            0.016318,            0.014371,            0.004918,            0.004918,            0.004918
                 156,            0.045185,            0.014757,           0.0030897,             0.66388,             0.58409,             0.60762,             0.33968,            0.044583,              0.0163,            0.014609,            0.004885,            0.004885,            0.004885
                 157,            0.045047,            0.014496,           0.0030688,             0.78537,             0.51811,             0.60532,             0.33699,            0.044529,             0.01629,            0.014598,            0.004852,            0.004852,            0.004852
                 158,            0.045465,            0.014925,           0.0031233,             0.73947,             0.54986,             0.61767,             0.34984,            0.044455,            0.016145,            0.013945,            0.004819,            0.004819,            0.004819
                 159,            0.044332,            0.014266,           0.0030326,             0.70574,             0.58849,             0.61881,             0.34784,            0.044388,            0.016151,             0.01427,            0.004786,            0.004786,            0.004786
                 160,            0.043906,            0.014472,            0.002954,             0.73709,             0.54317,             0.60017,             0.33871,            0.044414,             0.01627,            0.014075,            0.004753,            0.004753,            0.004753
                 161,             0.04503,            0.014401,           0.0031875,             0.66712,              0.5905,              0.6036,             0.33874,            0.044376,            0.016257,            0.013975,             0.00472,             0.00472,             0.00472
                 162,            0.044859,             0.01459,           0.0032315,             0.82632,             0.55675,             0.60143,             0.34508,            0.044235,            0.016239,            0.014267,            0.004687,            0.004687,            0.004687
                 163,            0.044855,            0.014246,           0.0031003,             0.79112,             0.53971,             0.59821,             0.34061,             0.04443,            0.016208,            0.013828,            0.004654,            0.004654,            0.004654
                 164,            0.044564,            0.014193,           0.0031352,             0.70957,             0.53894,             0.60313,             0.34053,            0.044507,            0.016192,            0.014279,            0.004621,            0.004621,            0.004621
                 165,            0.045436,            0.014469,           0.0029054,             0.79475,             0.60553,             0.62795,             0.35414,            0.044503,            0.016357,            0.014325,            0.004588,            0.004588,            0.004588
                 166,            0.044067,            0.014395,            0.002954,             0.81894,             0.56686,             0.61534,             0.35634,            0.044605,            0.016402,            0.013566,            0.004555,            0.004555,            0.004555
                 167,            0.044473,            0.014462,           0.0029621,             0.75561,             0.55578,             0.59764,             0.34247,            0.044522,            0.016432,            0.014126,            0.004522,            0.004522,            0.004522
                 168,            0.044428,            0.013987,           0.0029324,             0.69831,             0.54321,             0.58981,             0.33491,            0.044456,            0.016466,            0.014137,            0.004489,            0.004489,            0.004489
                 169,            0.044296,            0.014599,           0.0029042,              0.7608,             0.52192,             0.58876,             0.33707,            0.044454,            0.016274,            0.013891,            0.004456,            0.004456,            0.004456
                 170,            0.044755,            0.014169,           0.0029955,             0.68392,             0.55187,             0.59372,              0.3386,             0.04462,            0.016265,            0.013862,            0.004423,            0.004423,            0.004423
                 171,            0.043975,            0.013949,           0.0028264,             0.65895,             0.59036,             0.60059,             0.34207,            0.044495,            0.016365,            0.014566,             0.00439,             0.00439,             0.00439
                 172,            0.043833,            0.013511,           0.0030006,             0.76082,             0.54703,             0.60308,              0.3442,            0.044416,            0.016407,            0.014939,            0.004357,            0.004357,            0.004357
                 173,            0.044143,            0.014527,           0.0029042,             0.73473,               0.546,             0.60744,              0.3464,            0.044475,            0.016303,            0.014784,            0.004324,            0.004324,            0.004324
                 174,            0.043732,            0.014101,           0.0030209,              0.7691,             0.54435,             0.61261,             0.34967,            0.044303,            0.016258,            0.014901,            0.004291,            0.004291,            0.004291
                 175,             0.04351,            0.013619,           0.0028441,             0.81132,             0.56758,             0.60814,             0.34346,            0.044185,            0.016338,             0.01501,            0.004258,            0.004258,            0.004258
                 176,            0.043473,            0.013691,           0.0028241,              0.8164,             0.56736,             0.60972,              0.3506,            0.044325,            0.016297,            0.014152,            0.004225,            0.004225,            0.004225
                 177,            0.044283,            0.014089,           0.0029584,             0.80977,             0.56046,             0.61943,             0.35147,             0.04414,            0.016256,            0.014825,            0.004192,            0.004192,            0.004192
                 178,            0.043992,            0.014145,            0.002797,             0.77128,             0.54972,             0.61169,             0.35219,            0.044368,            0.016282,            0.015088,            0.004159,            0.004159,            0.004159
                 179,            0.043597,            0.013332,           0.0027935,             0.80559,             0.56858,             0.61364,             0.34702,            0.044343,            0.016326,            0.015217,            0.004126,            0.004126,            0.004126
                 180,            0.043365,             0.01385,           0.0027238,             0.82896,             0.57091,             0.61029,             0.34558,            0.044387,            0.016249,            0.015069,            0.004093,            0.004093,            0.004093
                 181,            0.044017,             0.01415,            0.002843,             0.81162,             0.57881,             0.61399,             0.34353,            0.044432,             0.01631,            0.015052,             0.00406,             0.00406,             0.00406
                 182,            0.043916,            0.014102,           0.0028517,             0.81134,             0.57207,             0.61697,              0.3494,            0.044462,            0.016389,            0.015095,            0.004027,            0.004027,            0.004027
                 183,            0.044071,            0.014385,           0.0026738,             0.81256,             0.58056,             0.60614,             0.34546,            0.044506,            0.016416,            0.015202,            0.003994,            0.003994,            0.003994
                 184,            0.043728,            0.014023,           0.0028277,             0.80718,             0.57016,             0.60618,             0.34056,            0.044307,            0.016354,            0.015071,            0.003961,            0.003961,            0.003961
                 185,            0.043537,            0.014114,           0.0029153,             0.79641,             0.57832,             0.62444,             0.35458,             0.04417,             0.01637,            0.014816,            0.003928,            0.003928,            0.003928
                 186,            0.043413,            0.014448,           0.0026593,             0.82364,             0.57357,             0.61166,             0.35317,            0.044217,            0.016437,            0.014812,            0.003895,            0.003895,            0.003895
                 187,             0.04226,            0.013551,           0.0026738,             0.73584,             0.57869,             0.60633,             0.34856,            0.044309,            0.016415,            0.014754,            0.003862,            0.003862,            0.003862
                 188,            0.043301,            0.013744,           0.0027234,             0.80286,             0.56518,             0.61204,             0.34898,            0.044241,            0.016369,            0.014748,            0.003829,            0.003829,            0.003829
                 189,            0.042765,            0.013806,           0.0027572,             0.76169,             0.55183,             0.59496,             0.34151,            0.044373,            0.016419,            0.014953,            0.003796,            0.003796,            0.003796
                 190,            0.042618,            0.013531,           0.0027995,             0.76001,             0.54827,             0.60112,             0.34055,            0.044475,            0.016479,            0.014907,            0.003763,            0.003763,            0.003763
                 191,            0.043038,            0.013569,           0.0027645,             0.80793,             0.57208,             0.60808,             0.34244,            0.044549,            0.016425,            0.014985,             0.00373,             0.00373,             0.00373
                 192,             0.04329,            0.014343,           0.0026149,             0.82241,             0.55724,             0.60562,             0.34727,            0.044338,            0.016363,            0.015222,            0.003697,            0.003697,            0.003697
                 193,            0.042552,            0.013822,           0.0025292,             0.76459,             0.55522,             0.60574,             0.33813,             0.04433,            0.016374,            0.015686,            0.003664,            0.003664,            0.003664
                 194,            0.042043,            0.013193,           0.0027403,             0.75922,             0.54582,             0.60941,             0.33671,            0.044436,            0.016462,             0.01568,            0.003631,            0.003631,            0.003631
                 195,            0.043587,            0.014182,           0.0027323,             0.73876,             0.54738,              0.5972,             0.33602,            0.044481,            0.016509,            0.014928,            0.003598,            0.003598,            0.003598
                 196,            0.042859,            0.013664,           0.0026486,             0.71612,               0.556,             0.60374,             0.33657,            0.044453,            0.016482,            0.014531,            0.003565,            0.003565,            0.003565
                 197,            0.042494,            0.013495,           0.0024922,             0.72261,             0.54437,             0.60048,             0.33531,            0.044547,            0.016471,            0.014745,            0.003532,            0.003532,            0.003532
                 198,             0.04283,            0.013594,           0.0026187,             0.68846,             0.55141,             0.60396,              0.3327,            0.044508,             0.01658,            0.014509,            0.003499,            0.003499,            0.003499
                 199,            0.043353,            0.013718,           0.0027078,             0.70638,             0.54534,             0.59776,             0.33403,            0.044417,            0.016516,            0.014669,            0.003466,            0.003466,            0.003466
                 200,            0.042614,            0.013554,           0.0025743,             0.68406,             0.55483,             0.59433,             0.33372,            0.044522,            0.016523,            0.014594,            0.003433,            0.003433,            0.003433
                 201,            0.042964,            0.013782,           0.0025855,             0.72893,             0.54079,             0.59347,             0.33211,            0.044427,            0.016622,            0.014771,              0.0034,              0.0034,              0.0034
                 202,            0.043298,            0.014137,           0.0026611,             0.73572,             0.52783,             0.60031,               0.334,            0.044437,            0.016662,            0.014929,            0.003367,            0.003367,            0.003367
                 203,            0.043142,            0.014268,           0.0026319,             0.70718,             0.54449,             0.61117,             0.33821,            0.044412,            0.016572,            0.015186,            0.003334,            0.003334,            0.003334
                 204,            0.042248,            0.013543,           0.0025276,             0.69167,             0.54471,             0.60699,              0.3389,            0.044425,            0.016584,            0.015167,            0.003301,            0.003301,            0.003301
                 205,            0.042388,            0.013587,           0.0025291,             0.73616,             0.52999,             0.59747,             0.33427,            0.044451,            0.016669,            0.015192,            0.003268,            0.003268,            0.003268
                 206,            0.041912,            0.013183,           0.0026719,             0.78005,             0.54312,             0.58905,             0.32629,            0.044434,            0.016621,            0.015484,            0.003235,            0.003235,            0.003235
                 207,            0.041588,            0.013497,           0.0024027,              0.7852,             0.54193,             0.58161,             0.32398,            0.044494,            0.016615,            0.015583,            0.003202,            0.003202,            0.003202
                 208,            0.042486,            0.013637,           0.0026152,             0.76408,              0.5377,             0.58373,             0.32927,            0.044454,            0.016676,            0.016006,            0.003169,            0.003169,            0.003169
                 209,            0.041603,            0.013511,           0.0023069,             0.76175,             0.53912,             0.58552,             0.32964,            0.044492,            0.016653,            0.016051,            0.003136,            0.003136,            0.003136
                 210,            0.041814,            0.013573,           0.0023707,             0.75706,             0.54308,             0.58723,             0.33011,            0.044517,            0.016709,            0.016071,            0.003103,            0.003103,            0.003103
                 211,             0.04165,            0.013353,           0.0024774,             0.75799,             0.54412,             0.58882,             0.32911,            0.044508,            0.016638,            0.015934,             0.00307,             0.00307,             0.00307
                 212,            0.042146,            0.013855,           0.0023562,             0.76222,             0.55187,             0.59273,              0.3369,            0.044517,            0.016639,            0.015791,            0.003037,            0.003037,            0.003037
                 213,            0.041984,            0.013242,           0.0023571,             0.76606,             0.55292,             0.59704,             0.33932,            0.044489,            0.016717,            0.015913,            0.003004,            0.003004,            0.003004
                 214,            0.042251,            0.013145,           0.0023738,             0.76242,             0.55199,             0.59104,             0.33717,            0.044419,            0.016764,            0.015987,            0.002971,            0.002971,            0.002971
                 215,            0.041368,            0.013006,           0.0024281,             0.77484,             0.54209,              0.5939,             0.33635,             0.04437,            0.016749,            0.015874,            0.002938,            0.002938,            0.002938
                 216,            0.041779,            0.013048,           0.0024039,             0.76747,             0.54392,             0.60053,             0.34106,            0.044366,            0.016756,            0.015879,            0.002905,            0.002905,            0.002905
                 217,            0.041198,            0.013303,           0.0023868,             0.68289,             0.59793,             0.60126,              0.3447,            0.044516,             0.01681,            0.016137,            0.002872,            0.002872,            0.002872
                 218,            0.041797,            0.013288,           0.0023319,             0.76396,             0.54654,             0.59862,             0.34254,            0.044545,             0.01681,            0.016395,            0.002839,            0.002839,            0.002839
                 219,            0.041617,            0.012865,           0.0026282,             0.76336,             0.54338,             0.59169,             0.33258,            0.044558,            0.016844,            0.016412,            0.002806,            0.002806,            0.002806
                 220,            0.041956,            0.013644,           0.0022797,             0.68053,             0.59468,             0.59555,             0.33984,            0.044625,            0.016871,            0.016594,            0.002773,            0.002773,            0.002773
